{
  "hash": "5d802055",
  "configHash": "f2260b49",
  "lockfileHash": "572ebc64",
  "browserHash": "3c4d82f2",
  "optimized": {
    "@angular/cdk/bidi": {
      "src": "../../../../../../node_modules/@angular/cdk/fesm2022/bidi.mjs",
      "file": "@angular_cdk_bidi.js",
      "fileHash": "4d25812a",
      "needsInterop": false
    },
    "@angular/cdk/text-field": {
      "src": "../../../../../../node_modules/@angular/cdk/fesm2022/text-field.mjs",
      "file": "@angular_cdk_text-field.js",
      "fileHash": "2fd5e1cd",
      "needsInterop": false
    },
    "@angular/common": {
      "src": "../../../../../../node_modules/@angular/common/fesm2022/common.mjs",
      "file": "@angular_common.js",
      "fileHash": "aa9212a9",
      "needsInterop": false
    },
    "@angular/core": {
      "src": "../../../../../../node_modules/@angular/core/fesm2022/core.mjs",
      "file": "@angular_core.js",
      "fileHash": "4338d130",
      "needsInterop": false
    },
    "@angular/forms": {
      "src": "../../../../../../node_modules/@angular/forms/fesm2022/forms.mjs",
      "file": "@angular_forms.js",
      "fileHash": "78b4a9e4",
      "needsInterop": false
    },
    "@angular/material/form-field": {
      "src": "../../../../../../node_modules/@angular/material/fesm2022/form-field.mjs",
      "file": "@angular_material_form-field.js",
      "fileHash": "ef40f763",
      "needsInterop": false
    },
    "@angular/material/grid-list": {
      "src": "../../../../../../node_modules/@angular/material/fesm2022/grid-list.mjs",
      "file": "@angular_material_grid-list.js",
      "fileHash": "563ca2b1",
      "needsInterop": false
    },
    "@angular/material/input": {
      "src": "../../../../../../node_modules/@angular/material/fesm2022/input.mjs",
      "file": "@angular_material_input.js",
      "fileHash": "780cb936",
      "needsInterop": false
    },
    "@angular/platform-browser": {
      "src": "../../../../../../node_modules/@angular/platform-browser/fesm2022/platform-browser.mjs",
      "file": "@angular_platform-browser.js",
      "fileHash": "06381822",
      "needsInterop": false
    },
    "@angular/router": {
      "src": "../../../../../../node_modules/@angular/router/fesm2022/router.mjs",
      "file": "@angular_router.js",
      "fileHash": "47ccd1db",
      "needsInterop": false
    },
    "fabric": {
      "src": "../../../../../../node_modules/fabric/dist/index.min.mjs",
      "file": "fabric.js",
      "fileHash": "e03ff406",
      "needsInterop": false
    },
    "uuid": {
      "src": "../../../../../../node_modules/uuid/dist/index.js",
      "file": "uuid.js",
      "fileHash": "c5eb15a2",
      "needsInterop": false
    },
    "zone.js": {
      "src": "../../../../../../node_modules/zone.js/fesm2015/zone.js",
      "file": "zone__js.js",
      "fileHash": "bf24a69b",
      "needsInterop": true
    }
  },
  "chunks": {
    "chunk-PPUGZJMV": {
      "file": "chunk-PPUGZJMV.js"
    },
    "chunk-QNCTFKE7": {
      "file": "chunk-QNCTFKE7.js"
    },
    "chunk-KDYKZCIB": {
      "file": "chunk-KDYKZCIB.js"
    },
    "chunk-7VYYJETG": {
      "file": "chunk-7VYYJETG.js"
    },
    "chunk-AWMNV45M": {
      "file": "chunk-AWMNV45M.js"
    },
    "chunk-AGTV7YWM": {
      "file": "chunk-AGTV7YWM.js"
    },
    "chunk-YLNL2LPT": {
      "file": "chunk-YLNL2LPT.js"
    },
    "chunk-5IV4PNHQ": {
      "file": "chunk-5IV4PNHQ.js"
    },
    "chunk-6CL6S36H": {
      "file": "chunk-6CL6S36H.js"
    },
    "chunk-WDMUDEB6": {
      "file": "chunk-WDMUDEB6.js"
    }
  }
}